id,username,date,text,hashtags,geo,type
1187452569204867073,CaltransHQ,2019-10-24 19:35:28,RT @CountyofSonoma: Actualizaci√≥n de Kincade Fire: Centros de Evacuacion: https://t.co/Z6NLPqW1Xu,[],,official
1187451574165082112,CALFIRE_PIO,2019-10-24 19:31:31,"#RT @CAL_FIRE: New incident: #MuirFire off Highway 1 and Panoramic Hwy, Stinson Beach in Marin County is 40 acres.‚Ä¶ https://t.co/LXbbAbcyp7","[{'text': 'RT', 'indices': [0, 3]}, {'text': 'MuirFire', 'indices': [29, 38]}]",,official
1187451571644305411,CALFIRE_PIO,2019-10-24 19:31:31,"#RT @CAL_FIRE: #KincadeFire [update] For live video of the press briefing, please visit: https://t.co/yHo3oUZxol","[{'text': 'RT', 'indices': [0, 3]}, {'text': 'KincadeFire', 'indices': [15, 27]}]",,official
1187451568276361217,CALFIRE_PIO,2019-10-24 19:31:30,#RT @CAL_FIRE: #KincadeFire [update] CAL FIRE and Sonoma County Sheriff‚Äôs officials will provide an update on the c‚Ä¶ https://t.co/tn1hF0VQ5l,"[{'text': 'RT', 'indices': [0, 3]}, {'text': 'KincadeFire', 'indices': [15, 27]}]",,official
1187449045536706560,CALFIRESANDIEGO,2019-10-24 19:21:28,".@CALFIRESANDIEGO is aware of two fires burning in Mexico. Neither pose a threat to the US at this time, however we‚Ä¶ https://t.co/nLhIbo6Zxp",[],,official
1187448453367914497,CAL_FIRE,2019-10-24 19:19:07,"New incident: #MuirFire off Highway 1 and Panoramic Hwy, Stinson Beach in Marin County is 40 acres. Lead agency:‚Ä¶ https://t.co/orTNyKIlcI","[{'text': 'MuirFire', 'indices': [14, 23]}]",,official
1187446812535246848,CaltransDist3,2019-10-24 19:12:36,"RT @CALFIRE_ButteCo: Much of #ButteCounty remains under a Red Flag Warning today.  In response to this, we have stopped work on various fue‚Ä¶","[{'text': 'ButteCounty', 'indices': [29, 41]}]",,official
1187444073893777408,CAL_FIRE,2019-10-24 19:01:43,"#KincadeFire [update] For live video of the press briefing, please visit: https://t.co/ZB0ko50RFB","[{'text': 'KincadeFire', 'indices': [0, 12]}]",,official
1187435865657626624,CaltransHQ,2019-10-24 18:29:06,RT @Caltrans8: Caltrans is working with USFS and San Bernardino County Fire on the #OldWaterFire incident which has SR 18 closed from 40th‚Ä¶,"[{'text': 'OldWaterFire', 'indices': [83, 96]}]",,official
1187431303081152513,CaltransHQ,2019-10-24 18:10:58,RT @NWSLosAngeles: Critical fire weather conditions thru Friday w/ wind gusts 40-70 mph &amp; very low humidity esp. over the Mtns. Red Flag Wa‚Ä¶,[],,official
1187428652398477312,CALFIRE_MEU,2019-10-24 18:00:26,"Check out my ""Favorite pages"" collection on Google: https://t.co/QMAJZcSZBC",[],,official
1187428362035154945,VCFD,2019-10-24 17:59:17,RT @VCFD_PIO: The additional equipment in Ventura County has been assembled and briefed on current conditions and plans adding an extra 15‚Ä¶,[],,official
1187426875930374144,CAL_FIRE,2019-10-24 17:53:23,#KincadeFire [update] CAL FIRE and Sonoma County Sheriff‚Äôs officials will provide an update on the current status o‚Ä¶ https://t.co/SyJTuf7mvm,"[{'text': 'KincadeFire', 'indices': [0, 12]}]",,official
1187426384550887424,CALFIRELNU,2019-10-24 17:51:26,"#KINCADEFIRE PRESS CONFERENCE ANNOUNCEMENT
#CALFIRELNU #CALFIRE https://t.co/dpOSuXkN87","[{'text': 'KINCADEFIRE', 'indices': [0, 12]}, {'text': 'CALFIRELNU', 'indices': [43, 54]}, {'text': 'CALFIRE', 'indices': [55, 63]}]",,official
1187425096056442880,CaltransHQ,2019-10-24 17:46:18,RT @Cal_OES: Current statewide fire map as of 8am this morning showing location of active fires. For the latest fire information check out‚Ä¶,[],,official
1187423179381149696,CaltransHQ,2019-10-24 17:38:41,RT @CAgovernor: LIVE NOW: @GavinNewsom delivers a briefing on the utility company Public Safety Power Shutoffs and fire threats throughout‚Ä¶,[],,official
1187421878979162113,CaltransHQ,2019-10-24 17:33:31,"RT @Cal_OES: If your power is out, PG&amp;E Community Resource Centers are available throughout California with restrooms, bottled water, A/C,‚Ä¶",[],,official
1187419313742864384,CaltransHQ,2019-10-24 17:23:20,"RT @fema: If you are in an area at risk for wildfires, stay safe:

üîπ If authorities tell you to evacuate, leave quickly.

üîπ Pay attention t‚Ä¶",[],,official
1187418978991271936,VCFD,2019-10-24 17:22:00,"RT @SCE: Due to weather conditions that may create the potential for elevated fire risk, Public Safety Power Shutoffs are under considerati‚Ä¶",[],,official
1187418190474702848,CaltransHQ,2019-10-24 17:18:52,RT @placervillepd: Oct. 21-25 is National School Bus Safety Week. Remember to stop on red for buses. It not only keeps kids getting on or o‚Ä¶,[],,official
1187417973369106432,CaltransHQ,2019-10-24 17:18:00,"RT @Cal_OES: The time is NOW to prepare. Do not wait until instructed to evacuate. Create a disaster preparedness plan, build an emergency‚Ä¶",[],,official
1187417025984876544,CALFIREAEU,2019-10-24 17:14:14,10:20 Update #PrinceFire - Vegetation Fire has been held to less than an acre. Firefighters will remain on scene to continue to mop up.,"[{'text': 'PrinceFire', 'indices': [13, 24]}]",,official
1187414546534686720,CaltransHQ,2019-10-24 17:04:23,"RT @NWSSacramento: üî• Here's the latest fire weather outlook. 

‚ö†Ô∏èExtreme fire weather conditions are likely this weekend. Now is the time t‚Ä¶",[],,official
1187414506453909505,CaltransHQ,2019-10-24 17:04:14,"RT @CAgovernor: We are monitoring the #KincadeFire that broke out overnight. Evacuations are underway now. 

Follow @CAL_FIRE for new updat‚Ä¶","[{'text': 'KincadeFire', 'indices': [38, 50]}]",,official
1187414254682402816,CaltransD2,2019-10-24 17:03:14,From @NWSSacramento:  Fire Weather Outlook for today (10/24) through Monday (10/28).  #CAwx https://t.co/pLEQv3Xdyk,"[{'text': 'CAwx', 'indices': [86, 91]}]",,official
1187413433366401024,CaltransHQ,2019-10-24 16:59:58,RT @CAgovernor: Watch live at 10:00 AM as @GavinNewsom joins @CAL_FIRE @Cal_OES &amp; @CHHSAgency officials for a briefing on the utility compa‚Ä¶,[],,official
1187413204411928576,CALFIREAEU,2019-10-24 16:59:03,Firefighters are at scene of a shed fire with small extension into the vegetation in the area of Black Price Road a‚Ä¶ https://t.co/7XdH0VxPqp,[],,official
1187410183158259712,CaltransD5,2019-10-24 16:47:03,Update: both lanes of #Hwy101 thru Pismo are now OPEN but expect residual traffic delays.,"[{'text': 'Hwy101', 'indices': [22, 29]}]",,official
1187409144933863424,CaltransD5,2019-10-24 16:42:55,SigAlert Update: heavy traffic along northbound #Hwy101 thru #PismoBeach due to 3-car crash so use caution &amp; Price‚Ä¶ https://t.co/AyxnYZteqB,"[{'text': 'Hwy101', 'indices': [48, 55]}, {'text': 'PismoBeach', 'indices': [61, 72]}]",,official
1187408510381748224,CALFIRE_SLO,2019-10-24 16:40:24,#WadsworthIC #FiveCitiesFire https://t.co/MzI35JFwhp,"[{'text': 'WadsworthIC', 'indices': [0, 12]}, {'text': 'FiveCitiesFire', 'indices': [13, 28]}]",,official
1187407785442463744,CaltransHQ,2019-10-24 16:37:31,RT @Cal_OES: State Operations Center is activated 24/7 for the #PSPS events and monitoring the #KincadeFire and #OldWaterFire as well as an‚Ä¶,"[{'text': 'PSPS', 'indices': [63, 68]}, {'text': 'KincadeFire', 'indices': [95, 107]}, {'text': 'OldWaterFire', 'indices': [112, 125]}]",,official
1187406685976985600,CaltransD2,2019-10-24 16:33:09,"UPDATE:  SR 139, approximately 2 miles north of Newell (Modoc County) - Traffic has returned to normal following so‚Ä¶ https://t.co/UfhfNiqMCW",[],,official
1187406389032837125,CALFIRE_HUU,2019-10-24 16:31:58,"RT @NWSEureka: Keep these safety tips in mind. A Red Flag Warning continues today for portions of northwest California, and another offshor‚Ä¶",[],,official
1187405405120393221,CaltransDist7,2019-10-24 16:28:04,Santa Clarita: SB State Route 14 from Agua Dulce Cyn Rd to Soledad Rd right lane closed until 2:30 pm for removal o‚Ä¶ https://t.co/vCpBfkxbJE,[],,official
1187404540317859840,CaltransHQ,2019-10-24 16:24:37,RT @CountyofSonoma: EVAC CENTERS: Sonoma County Fairgrounds will open at 8:00AM. Healdsburg Community Center remains open. Windsor HS is cl‚Ä¶,[],,official
1187404353725857792,CaltransD2,2019-10-24 16:23:53,"UPDATE:  Northbound I-5, north of junction with SR 44 (Shasta County) - Traffic is returning to normal following fi‚Ä¶ https://t.co/EsYuBZqD8J",[],,official
1187404255050657792,CaltransDist3,2019-10-24 16:23:29,Wise words from your neighborhood Batman courtesy of @CHPSouthLake. Be safe this Halloween! üéÉ‚Ä¶ https://t.co/FiW7xH7Zej,[],,official
1187403709703245824,CaltransHQ,2019-10-24 16:21:19,RT @NWSLosAngeles: #RedFlagWarning in effect through Friday evening for #VenturaCounty &amp; most of #LosAngeles County! Wind gusts to 25-65 mp‚Ä¶,"[{'text': 'RedFlagWarning', 'indices': [19, 34]}, {'text': 'VenturaCounty', 'indices': [72, 86]}, {'text': 'LosAngeles', 'indices': [101, 112]}]",,official
1187403419931176961,CaltransD2,2019-10-24 16:20:10,"UPDATE:  Northbound I-5, north of junction with SR 44 (Shasta County) - #3 lane now open at Hilltop overcrossing; t‚Ä¶ https://t.co/ekfoDRA6dh",[],,official
1187403337148190720,CaltransHQ,2019-10-24 16:19:51,"RT @GavinNewsom: Thank you to all the firefighters &amp; first responders who are on the scene, working to contain the #KincadeFire.

The image‚Ä¶","[{'text': 'KincadeFire', 'indices': [119, 131]}]",,official
1187402444398981120,CaltransD2,2019-10-24 16:16:18,"TRAFFIC ALERT:  Northbound I-5, near junction with SR 44 (Shasta County) - #3 lane is currently blocked due to emer‚Ä¶ https://t.co/XVx5osXa2t",[],,official
1187402357409083392,CALFIRE_SLO,2019-10-24 16:15:57,"[UPDATE] #WadsworthIC Two patients, one has been extricated, both lanes of North Bound HWY 101 are blocked.","[{'text': 'WadsworthIC', 'indices': [9, 21]}]",,official
1187400884969361409,CALFIRE_SLO,2019-10-24 16:10:06,Traffic Collision: North Bound HWY 101 cross of Wadsworth Ave off ramp. #WadsworthIC 3-4 vehicles involved with ext‚Ä¶ https://t.co/vazWQ2sWZ2,"[{'text': 'WadsworthIC', 'indices': [72, 84]}]",,official
1187395967546347520,CaltransHQ,2019-10-24 15:50:34,"STATE HIGHWAY CLOSURE 10/24 8:50 a.m. PT

State Route 128 between Geyserville and Jimtown is closed due to the‚Ä¶ https://t.co/uuKTPMLyZm",[],,official
1187391329740832768,CaltransDist3,2019-10-24 15:32:08,SR160 Paintersville Bridge is closed for maintenance work until 4 p.m. today. https://t.co/wMWDG7BWlG,[],,official
1187391087117246465,CALFIRE_PIO,2019-10-24 15:31:10,#RT @CAL_FIRE: RT @LAFD: Update Brush Fire #PalisadesFire; INC#0580; 7:30PM; https://t.co/NHMU7FE4tc; Pacific Palis‚Ä¶ https://t.co/3LqD2cbUte,"[{'text': 'RT', 'indices': [0, 3]}, {'text': 'PalisadesFire', 'indices': [43, 57]}]",,official
1187391085766725632,CALFIRE_PIO,2019-10-24 15:31:10,"#RT @CAL_FIRE: RT @SanBernardinoNF: #OldWaterFire update:

- The fire information call center is now open. The publ‚Ä¶ https://t.co/8Yf8Mt2u7K","[{'text': 'RT', 'indices': [0, 3]}, {'text': 'OldWaterFire', 'indices': [36, 49]}]",,official
1187391084424581121,CALFIRE_PIO,2019-10-24 15:31:09,#RT @CAL_FIRE: #OldWaterFire update: - The fire information call center is now open. The public can call (909) 383-‚Ä¶ https://t.co/dXc7MbxeAr,"[{'text': 'RT', 'indices': [0, 3]}, {'text': 'OldWaterFire', 'indices': [15, 28]}]",,official
1187389301853605888,ShastaHHSA,2019-10-24 15:24:04,Our thoughts are with our neighbors to the south in Sonoma County. A sobering reminder that our fire danger here is‚Ä¶ https://t.co/kT7IqMZsIN,[],,official
1187384502399594496,CountyVentura,2019-10-24 15:05:00,"Update from @VCFD_PIO 
-
Los bomberos est√°n respondiendo a un incendio en Saticoy en las calles LA Ave y Vineyard c‚Ä¶ https://t.co/CjVmJ3SIxr",[],,official
1187384432157528064,CALFIRE_SLO,2019-10-24 15:04:43,"#KincadeFire that started at 9:24 last night has grown to 10,000 acres overnight North East of Gyserville, Ca. Inci‚Ä¶ https://t.co/8acBDFoUjD","[{'text': 'KincadeFire', 'indices': [0, 12]}]",,official
1187384419222319108,CaltransDist10,2019-10-24 15:04:40,#TrafficAlert #SanJoaquin Please be mindful of sweeping crews on southbound SR-99 from Turner Road in Lodi to SR-4/‚Ä¶ https://t.co/9t6Jsp4MRR,"[{'text': 'TrafficAlert', 'indices': [0, 13]}, {'text': 'SanJoaquin', 'indices': [14, 25]}]",,official
1187384156524646400,CaltransDist3,2019-10-24 15:03:38,RT @NWSSacramento: Critical fire weather conditions continue through this afternoon. Avoid outdoor activities that could spark a fire! #CAw‚Ä¶,[],,official
1187383326866206720,CaltransD2,2019-10-24 15:00:20,ALERT: NB/SB Modoc SR 139 -- Traffic is slowing approx 2 miles north of Newell due a vehicle vs ditch.,[],,official
1187380275799416837,CaltransDist7,2019-10-24 14:48:12,RT @My5LA: Get answers to your questions about I-5 construction in #Burbank &amp; #Glendale at our free Open House 6-8pm today (10/24). Come an‚Ä¶,"[{'text': 'Burbank', 'indices': [67, 75]}, {'text': 'Glendale', 'indices': [82, 91]}]",,official
1187378250240020485,VCFD,2019-10-24 14:40:09,RT @SCE: Stay safe and comfortable during an outage. We have some tips to help you prepare for a Public Safety Power Shutoff event: https:/‚Ä¶,[],,official
1187378228769492993,VCFD,2019-10-24 14:40:04,"RT @SCE: üìå Due to weather conditions that may create the potential for elevated fire risk, Public Safety Power Shutoffs are under considera‚Ä¶",[],,official
1187377636449935361,VCFD,2019-10-24 14:37:43,RT @ALERTnWARNING: Latest update OES received tonight from @SCE is that 66 of our circuits in Ventura County are being monitored for PSPS.‚Ä¶,[],,official
1187377555957047296,VCFD,2019-10-24 14:37:24,"RT @ALERTnWARNING: As of 11:45PM, @sce has de-energized the Castro circuit impacting residents of Santa Paula and Santa Paula Hospital. No‚Ä¶",[],,official
1187377546205118465,CaltransDist7,2019-10-24 14:37:22,RT @CaltransOC: FYI: Santiago Canyon Rd from SR-241 to Loma Ridge is currently closed due to a brush fire started by an earlier car fire. #‚Ä¶,[],,official
1187377127038976000,CountyVentura,2019-10-24 14:35:42,"School update from @VenturaCOE 
-
La escuela Mupu estar√° cerrada hoy, jueves 24 de octubre de 2019 debido a fuertes‚Ä¶ https://t.co/9kxq7B7pDG",[],,official
1187373715505455104,ShastaHHSA,2019-10-24 14:22:08,Fill your belly with hot soup and let it warm your heart as you support low-income seniors in our community. Join u‚Ä¶ https://t.co/lcqVSsgaBp,[],,official
1187370131929698310,CAL_FIRE,2019-10-24 14:07:54,RT @LAFD: Update Brush Fire #PalisadesFire; INC#0580; 7:30PM; https://t.co/GHypn8xhDv; Pacific Palisades; The fire's footprint remains at 4‚Ä¶,"[{'text': 'PalisadesFire', 'indices': [28, 42]}]",,official
1187365702870556673,CAL_FIRE,2019-10-24 13:50:18,"RT @SanBernardinoNF: #OldWaterFire update:

- The fire information call center is now open. The public can call (909) 383-5688 to ask quest‚Ä¶","[{'text': 'OldWaterFire', 'indices': [21, 34]}]",,official
1187364229625438209,CAL_FIRE,2019-10-24 13:44:27,#OldWaterFire update: - The fire information call center is now open. The public can call (909) 383-5688 to ask que‚Ä¶ https://t.co/LdguNE21XA,"[{'text': 'OldWaterFire', 'indices': [0, 13]}]",,official
1187363586051428352,CALFIRE_HUU,2019-10-24 13:41:53,"RT @NWSEureka: Some good news early this morning; it appears the strongest wind gusts are over. However, still some exposed ridges seeing b‚Ä¶",[],,official
1187360988301090817,CALFIRE_PIO,2019-10-24 13:31:34,#RT @CAL_FIRE: RT @CALFIRELNU: #KincadeFire New #CALFIRELNU https://t.co/gzBGFumaL7,"[{'text': 'RT', 'indices': [0, 3]}, {'text': 'KincadeFire', 'indices': [31, 43]}, {'text': 'CALFIRELNU', 'indices': [48, 59]}]",,official
1187360986963075073,CALFIRE_PIO,2019-10-24 13:31:34,#RT @CAL_FIRE: New Incident/Assist: #OldWaterFire near Old Waterman Canyon Road and Hwy 18 in San Bernardino County‚Ä¶ https://t.co/lV6CCdPY7P,"[{'text': 'RT', 'indices': [0, 3]}, {'text': 'OldWaterFire', 'indices': [36, 49]}]",,official
1187360985574707200,CALFIRE_PIO,2019-10-24 13:31:33,"#RT @CAL_FIRE: New Incident: #KincadeFire off John Kincade Road and Burned Mountain Road, northeast of Geyserville‚Ä¶ https://t.co/TWYcxcU0sB","[{'text': 'RT', 'indices': [0, 3]}, {'text': 'KincadeFire', 'indices': [29, 41]}]",,official
1187359923794927616,CaltransHQ,2019-10-24 13:27:20,RT @NWSSacramento: Gusty north to northeast winds continue across much of interior #NorCal early this morning. Local gusts of 25-35 mph com‚Ä¶,"[{'text': 'NorCal', 'indices': [83, 90]}]",,official
1187359532110012416,CALFIRELNU,2019-10-24 13:25:47,#KincadeFire New #CALFIRELNU https://t.co/VdLCppf5Wz,"[{'text': 'KincadeFire', 'indices': [0, 12]}, {'text': 'CALFIRELNU', 'indices': [17, 28]}]",,official
1187358941883142144,CountyVentura,2019-10-24 13:23:26,Visite https://t.co/xaccItUW6n para registrarse para recibir mensajes de texto directo en su tel√©fono.,[],,official
1187358598289997827,CountyVentura,2019-10-24 13:22:04,"How to stay prepared for power shutoffs from @VCFD 
-
¬°Mant√©ngase alerta y preparado para cualquier emergencia!  Pa‚Ä¶ https://t.co/rBaMWjRGts",[],,official
1187355451693780994,CaltransDist7,2019-10-24 13:09:34,"RT @Caltrans8: SBCO: SR-18 in San Bernardino near Waterman Canyon is currently closed in both directions due to a brush fire. Be advised, t‚Ä¶",[],,official
1187354367499931648,VCFD,2019-10-24 13:05:15,"Stay alert, be engaged and prepared for any emergency! For information about potential PUBLIC SAFETY POWER SHUTDOWN‚Ä¶ https://t.co/Tyiy5jLqaA",[],,official
1187343909141151745,CALFIRESANDIEGO,2019-10-24 12:23:42,RT @SDSheriff: A #RedFlagWarning is in effect for areas of San Diego County through Friday evening.  @SDSheriff wants to remind everyone to‚Ä¶,"[{'text': 'RedFlagWarning', 'indices': [17, 32]}]",,official
1187339203559841797,CAL_FIRE,2019-10-24 12:05:00,New Incident/Assist: #OldWaterFire near Old Waterman Canyon Road and Hwy 18 in San Bernardino County is 50+ acres E‚Ä¶ https://t.co/U1WLhpAJx3,"[{'text': 'OldWaterFire', 'indices': [21, 34]}]",,official
1187338079851278336,CaltransDist7,2019-10-24 12:00:32,SB I-5 will be CLOSED from Imperial Hwy to Artesia Bl &amp; NB I-5 from Artesia Bl to Carmenita Rd from 11pm Thursday 1‚Ä¶ https://t.co/SahnInkjD2,[],,official
1187331653829423104,CAL_FIRE,2019-10-24 11:35:00,"New Incident: #KincadeFire off John Kincade Road and Burned Mountain Road, northeast of Geyserville in Sonoma Count‚Ä¶ https://t.co/YpgxyG03L1","[{'text': 'KincadeFire', 'indices': [14, 26]}]",,official
1187326791221796864,CaltransHQ,2019-10-24 11:15:41,"RT @sonomasheriff: #kincadefire is 7,000 acres and 0% contained per CALFire. https://t.co/L4agKOjvWs","[{'text': 'kincadefire', 'indices': [19, 31]}]",,official
1187320684621336576,CALFIRELNU,2019-10-24 10:51:25,"#KincadeFire 10,000 acres 0% contained all evacuation orders are still in place. #calfirelnu #CALFIRE updates to follow.","[{'text': 'KincadeFire', 'indices': [0, 12]}, {'text': 'calfirelnu', 'indices': [81, 92]}, {'text': 'CALFIRE', 'indices': [93, 101]}]",,official
1187295680861069312,CALFIRELNU,2019-10-24 09:12:03,"#KincadeFire 7000 acres 0% contained, all evacuation orders are still in place. #calfirelnu  #CALFIRE updates to follow.","[{'text': 'KincadeFire', 'indices': [0, 12]}, {'text': 'calfirelnu', 'indices': [80, 91]}, {'text': 'CALFIRE', 'indices': [93, 101]}]",,official
1187264417060151296,CALFIRELNU,2019-10-24 07:07:49,"#KincadeFire #calfirelnu Mandatory evacuation orders for the areas of Geysers Road, Cloverdale Geysers Road, Red Wi‚Ä¶ https://t.co/SKZG52jOIQ","[{'text': 'KincadeFire', 'indices': [0, 12]}, {'text': 'calfirelnu', 'indices': [13, 24]}]",,official
1187255447268421634,CALFIRELNU,2019-10-24 06:32:11,"#KincadeFire #calfirelnu Is currently on scene of a wildland fire in the Geysers area, Sonoma County. Fire is curre‚Ä¶ https://t.co/2FycSZtTrc","[{'text': 'KincadeFire', 'indices': [0, 12]}, {'text': 'calfirelnu', 'indices': [13, 24]}]",,official
1187234101683572736,CALFIRE_SLO,2019-10-24 05:07:22,"RT @slocountyoes: We are monitoring weather conditions for next week. PG&amp;E has indicated there is an ""Elevated"" potential for Public Safety‚Ä¶",[],,official
1187231220448423937,VCFD,2019-10-24 04:55:55,#VCAlert: Have you signed up yet? Register now at https://t.co/kpK1Kktgkd to receive information about Public Safet‚Ä¶ https://t.co/r7svjItK0L,"[{'text': 'VCAlert', 'indices': [0, 8]}]",,official
1187222965265395712,CALFIRE_SLO,2019-10-24 04:23:07,"RT @PGE4Me: Do you have emergency supplies (food, water, flashlights, a radio, fresh batteries, first aid supplies &amp; cash)? A back up charg‚Ä¶",[],,official
1187222689464717318,CALFIRE_SLO,2019-10-24 04:22:01,"RT @PGE4Me: #PSPS Zip Code Alerts: To enroll call 1-877-9000-PGE. Alerts will be delivered via automated call. To sign up for text alerts,‚Ä¶","[{'text': 'PSPS', 'indices': [12, 17]}]",,official
1187220560305983488,CALFIRE_SLO,2019-10-24 04:13:33,"RT @NWSLosAngeles: Critical fire weather conditions are expected tonight with wind gusts up to 65 mph &amp; very low humidites, especially over‚Ä¶",[],,official
1187220281988767744,CountyVentura,2019-10-24 04:12:27,@VCFD @VCFD_PIO @Venturaoes,[],,official
1187220098911596544,CountyVentura,2019-10-24 04:11:43,"#VCAlert: Have you signed up yet? 
...
¬øUd. se ha registrado? Reg√≠strese ahora en https://t.co/2pocn3oA2j para reci‚Ä¶ https://t.co/LtRxDkCzxQ","[{'text': 'VCAlert', 'indices': [0, 8]}]",,official
1187219582169145346,CALFIRE_SLO,2019-10-24 04:09:40,"CRITICAL FIRE WEATHER FOR SAN LUIS OBISPO COUNTY: Heat advisory, wind gusts 20-40 mph, 87-97 degrees, RH 2-9%. Staf‚Ä¶ https://t.co/3KDH2Eq6ai",[],,official
1187217350115745792,CaltransD4,2019-10-24 04:00:48,Reminder: be prepared during Red Flag Fire Warnings. https://t.co/h7ywEa9ueF,[],,official
1187213618678386689,CaltransHQ,2019-10-24 03:45:58,RT @Cal_OES: Condiciones clim√°ticas extremas contin√∫an en muchas partes del estado. Tome medidas ahora para revisar planes de emergencia y‚Ä¶,[],,official
1187213603289452545,CaltransHQ,2019-10-24 03:45:55,RT @Cal_OES: Critical fire weather continues throughout many parts of the state. Take time now to review emergency plans and emergency kits‚Ä¶,[],,official
1187209945822965760,CALFIRE_PIO,2019-10-24 03:31:23,"#RT @CAL_FIRE: #BriceburgFire off Highway 140 and Briceburg Bridge Road north of Midpines in Mariposa County is 5,5‚Ä¶ https://t.co/qlVXDUEzTL","[{'text': 'RT', 'indices': [0, 3]}, {'text': 'BriceburgFire', 'indices': [15, 29]}]",,official
1187207755716648962,CaltransD2,2019-10-24 03:22:40,FINAL: Traffic is returning to normal approx 3 miles west of Big Valley Mt Summit following a disabled vehicle.,[],,official
1187191195086118912,CAL_FIRE,2019-10-24 02:16:52,"#BriceburgFire off Highway 140 and Briceburg Bridge Road north of Midpines in Mariposa County is 5,563 acres and 10‚Ä¶ https://t.co/eCydlFxNAn","[{'text': 'BriceburgFire', 'indices': [0, 14]}]",,official
1187187447827816448,CaltransD2,2019-10-24 02:01:59,ALERT: EB/WB LAS 139 - Traffic is slowing approx 3 miles west of Big Valley Mountain Summit due to a disabled vehicle blocking the roadway.,[],,official
1187187132093231105,CaltransHQ,2019-10-24 02:00:43,"RT @NWSSanDiego: ‚ö†Ô∏è Red Flag and High Wind Warnings in Effect ‚ö†Ô∏è

Confidence is increasing for a strong #SantaAnaWind event Thursday and Fr‚Ä¶","[{'text': 'SantaAnaWind', 'indices': [104, 117]}]",,official
1187186936630243328,CaltransHQ,2019-10-24 01:59:57,RT @Cal_OES: Consejos de la Patrulla de Caminos de California (CHP) durante apagones. #PSPS #poweroutage @CHP_HQ https://t.co/sgDgvAhYzC,"[{'text': 'PSPS', 'indices': [86, 91]}, {'text': 'poweroutage', 'indices': [92, 104]}]",,official
1187174142828613632,CaltransHQ,2019-10-24 01:09:06,"RT @NWSSacramento: ‚ÄºÔ∏è Warm, dry and gusty conditions = Critical Fire Weather Conditions. 

‚ö†Ô∏è Practice fire safety &amp; be prepared to evacuat‚Ä¶",[],,official
1187172400527372289,CALFIRE_SLO,2019-10-24 01:02:11,#LynchIC https://t.co/E37ByE5VhV,"[{'text': 'LynchIC', 'indices': [0, 8]}]",,official
1187167734934540288,CaltransD2,2019-10-24 00:43:39,"UPDATE:  Southbound I-5, north of Knighton Road (Shasta County) - Traffic is returning to normal following disabled‚Ä¶ https://t.co/p5JlGM4xTa",[],,official
1187164629316726785,CaltransDist3,2019-10-24 00:31:18,HIGH WIND ADVISORY FOR SAC/YOLO COUNTIES IN AFFECT FOR I-5 &amp; I-80 YOLO BYPASS AND CAUSEWAY AREAS. @CaltransHQ @CaltransD4 @CHP_Valley,[],,official
1187163529838678016,CaltransDist3,2019-10-24 00:26:56,The Gold Run Rest Areas on I-80 are currently closed due to #PSPS-related outages. Donner Summit Rest Areas are currently open. No ETO.,"[{'text': 'PSPS', 'indices': [60, 65]}]",,official
1187158149557440513,CaltransDist10,2019-10-24 00:05:33,#poweroutage UPDATE: Latest traffic signal power outages within District 10 as of today at 5:00 p.m. Remember to tr‚Ä¶ https://t.co/NTtYHdX4G5,"[{'text': 'poweroutage', 'indices': [0, 12]}]",,official
1187156179828346880,CaltransDist3,2019-10-23 23:57:44,ALL CLEAR https://t.co/3e1aS353aR,[],,official
1187154960368070656,CaltransDist3,2019-10-23 23:52:53,Some highways within District 3 are experiencing #PSPS-related signal outages. This is your safety reminder to use‚Ä¶ https://t.co/rm788aA93V,"[{'text': 'PSPS', 'indices': [49, 54]}]",,official
1187154130948763649,CountyVentura,2019-10-23 23:49:35,All owners of commercial and industrial businesses within the unincorporated areas of Ojai Valley are invited to at‚Ä¶ https://t.co/vlUBPJIc99,[],,official
1187154035352076288,VCFD,2019-10-23 23:49:12,"RT @SCE: Here's how we communicate with customers before, during and after a Public Safety Power Shutoff. https://t.co/IzssYsgAe4

üì≤ üí≠ Sign‚Ä¶",[],,official
1187146668715544577,CaltransD2,2019-10-23 23:19:56,"REMINDER:  When traveling through areas affected by power outages, motorists are reminded to treat non-working (dar‚Ä¶ https://t.co/wzhANKKZ7C",[],,official
1187143489068228608,CaltransDist3,2019-10-23 23:07:18,#TrafficAlert Major traffic backup on SR 65 in Yuba County as north- and southbound lanes are closed due to a vehic‚Ä¶ https://t.co/zuTGjraod0,"[{'text': 'TrafficAlert', 'indices': [0, 13]}]",,official
1187139528277909505,CaltransD2,2019-10-23 22:51:34,UPDATE:  SR 263 at the Shasta River Bridge (Siskiyou County) - Traffic is returning to normal following two vehicle‚Ä¶ https://t.co/E5lWlFnaND,[],,official
1187138589127143424,CaltransDist3,2019-10-23 22:47:50,RT @ChpYuba: TRAFFIC ALERT SR-65 at Oakley Lane is completely stopped for a major injury traffic collision. Please use caution in the area‚Ä¶,[],,official
1187138008203415552,CaltransDist7,2019-10-23 22:45:31,"I-5 Pavement Rehab Project in #SantaClarita #Castaic #LA

Here are the planned closures tonight (Wed. night/Thur. m‚Ä¶ https://t.co/L0lP9AExe0","[{'text': 'SantaClarita', 'indices': [30, 43]}, {'text': 'Castaic', 'indices': [44, 52]}, {'text': 'LA', 'indices': [53, 56]}]",,official
1187137890427387906,CaltransD2,2019-10-23 22:45:03,"TRAFFIC ALERT:  Southbound I-5, north of Knighton Road (Shasta County) - Traffic is slowing due to disabled motorho‚Ä¶ https://t.co/wiwODP9252",[],,official
1187137789487247360,VCFD,2019-10-23 22:44:39,Be prepared for power loss- Public Safety Power Shutoff (PSPS) information:  https://t.co/eCmIZb6X7I via @Nextdoor,[],,official
1187136848176414720,CaltransDist3,2019-10-23 22:40:55,RT @CHP_Chico: Major injury collision on SR 65 between Wheatland and Olivehurst in Sutter County. Extended road closure expected. Please us‚Ä¶,[],,official
1187136313603969025,CALFIRE_SLO,2019-10-23 22:38:47,[FINAL] #LynchIC forward progress has been stopped at one acre. Canceling additional resources.,"[{'text': 'LynchIC', 'indices': [8, 16]}]",,official
1187133417751662597,VCFD,2019-10-23 22:27:17,"RT @NWSLosAngeles: The Red Flag Warning for LA/Ventura Counties starts late tonight.  #SantaAna winds, heat, and low humidities means dange‚Ä¶","[{'text': 'SantaAna', 'indices': [86, 95]}]",,official
1187133348713361408,VCFD,2019-10-23 22:27:00,RT @VCFD_PIO: #LunaFire FF‚Äôs are on-scene of a small grass fire approx. 50X20‚Äô and exposing one power pole.  Full brush assignment is conti‚Ä¶,"[{'text': 'LunaFire', 'indices': [14, 23]}]",,official
1187132357691576320,CALFIRE_SLO,2019-10-23 22:23:04,"[UPDATE] #LynchIC at scene with 1/2 acre of grass burning in oak woodland, slow rate of spread, potential for 20 ac‚Ä¶ https://t.co/ktHDXrAp07","[{'text': 'LynchIC', 'indices': [9, 17]}]",,official
1187131571221880832,CALFIRE_SLO,2019-10-23 22:19:57,Vegetation Fire: Lynch Canyon Dr cross of Interlake Rd. Reported grass on fire near a home. #Firefighters are respo‚Ä¶ https://t.co/dH6Cpzc3Vj,"[{'text': 'Firefighters', 'indices': [92, 105]}]",,official
1187122302640513025,CaltransD2,2019-10-23 21:43:07,TRAFFIC ALERT:  SR 263 at the Shasta River Bridge (Siskiyou County) - Roadway is blocked due to two vehicle traffic‚Ä¶ https://t.co/DoiKk92y4p,[],,official
1187121402907787264,CaltransD2,2019-10-23 21:39:32,"The O'Brien Rest Area on northbound I-5, north of Redding (Shasta County), is now open.  Power has been restored.‚Ä¶ https://t.co/7GT8mbhaHt",[],,official
1187119376278966272,CALFIRE_PIO,2019-10-23 21:31:29,#RT @CAL_FIRE: Today we join the El Dorado County Sheriff‚Äôs Office and mourn the tragic loss of Deputy Brian Ishmae‚Ä¶ https://t.co/Si1GDV1unw,"[{'text': 'RT', 'indices': [0, 3]}]",,official
1187116042138476544,CaltransDist10,2019-10-23 21:18:14,Closure ETO is now 230pm https://t.co/cFtMHEJuHh,[],,official
1187112103217221632,CaltransHQ,2019-10-23 21:02:35,RT @Cal_OES: Know what to do if a traffic light goes out in your community. #PSPS @CaltransHQ https://t.co/lQAwzy0y5I,"[{'text': 'PSPS', 'indices': [76, 81]}]",,official
1187109295709536257,CaltransHQ,2019-10-23 20:51:26,"RT @Cal_OES: For those affected by the Public Safety Power Shutoff, find a Community Resource Center in your neighborhood at the link: http‚Ä¶",[],,official
1187109081661595649,CaltransDist3,2019-10-23 20:50:35,RT @NevCoOES: A reminder from Caltrans that non-working (dark) and flashing red traffic signals be treated as all-way stops during power ou‚Ä¶,[],,official
1187106804141944832,CAL_FIRE,2019-10-23 20:41:32,Today we join the El Dorado County Sheriff‚Äôs Office and mourn the tragic loss of Deputy Brian Ishmael. We are keepi‚Ä¶ https://t.co/HkSaYLOhhM,[],,official
1187097172522594305,CaltransD2,2019-10-23 20:03:15,"HEADS UP:  Exit 773 on I-5 in Yreka (South Yreka/SR 3):  Northbound onramp and offramp, along with southbound offra‚Ä¶ https://t.co/DloutRokqM",[],,official
1187096685589086208,CaltransHQ,2019-10-23 20:01:19,As Caltrans Director Toks Omishakin said at his oath of office: We‚Äôre ready to work to ‚Äúpropel the state of CA and‚Ä¶ https://t.co/92kLTDHxIl,[],,official
1187092433324118016,CaltransDist7,2019-10-23 19:44:25,All lanes on NB I-605 are open after #Caltrans cleaned up a spill that resulted from a multivehicle incident near V‚Ä¶ https://t.co/FKKHp4eUBa,"[{'text': 'Caltrans', 'indices': [37, 46]}]",,official
1187091500267499520,CaltransDist10,2019-10-23 19:40:43,RT @CA_Trans_Agency: With excitement the @CA_Trans_Agency welcomes new @CaltransHQ Director Toks Omishakin as he leads the department to pr‚Ä¶,[],,official
1187091145907523584,CaltransDist1,2019-10-23 19:39:18,Caltrans maintenance crews installed approximately 120 lineal feet of channelizer on both sides of this 200-foot-lo‚Ä¶ https://t.co/yGGE7VRmB1,[],,official
1187089413014052864,CaltransDist7,2019-10-23 19:32:25,UPDATE: All lanes are open on NB 605. https://t.co/XSr8RxjdL4,[],,official
1187089216183980032,CALFIRE_PIO,2019-10-23 19:31:38,#RT @CAL_FIRE: A #RedFlagWarning has been issued for most of Northern CA &amp; portions of Southern CA from today until‚Ä¶ https://t.co/l4Gn6ufgS6,"[{'text': 'RT', 'indices': [0, 3]}, {'text': 'RedFlagWarning', 'indices': [17, 32]}]",,official
1187088365155340288,CaltransDist3,2019-10-23 19:28:15,Thanks to our electrical crew for getting Highway 50 traffic cameras back online in Placerville at Spring Street an‚Ä¶ https://t.co/xBtRc6IrIT,[],,official
1187086724154871808,CaltransHQ,2019-10-23 19:21:44,"RT @Cal_OES: During a power outage, planning and safety is your first priority. Talk with your family to develop your family plan today! Fo‚Ä¶",[],,official
1187081409384636417,CaltransDist6,2019-10-23 19:00:37,"Please don't litter! Roadway litter negatively impacts our budget, safety, &amp; environment. If you or your organizati‚Ä¶ https://t.co/6lJl8ukuun",[],,official
1187078187605352448,CaltransDist7,2019-10-23 18:47:49,"NB 605 just south of Valley Blvd in Industry - Lanes # 2,3 &amp; 4 are blocked due to multivehicle incident &amp; fuel spil‚Ä¶ https://t.co/PiCYuxoK4B",[],,official
1187072484295630848,CALFIRE_MEU,2019-10-23 18:25:09,"RT @NWSEureka: Critical fire weather is forecast for the higher elevations above 2000 feet in portions of interior northwest California, wi‚Ä¶",[],,official
1187067341072265217,CALFIRE_SLO,2019-10-23 18:04:43,#RedFlagWarnings have been issued in parts of Northern and Southern California. This map shows how close those cond‚Ä¶ https://t.co/r5OgnX6VaE,"[{'text': 'RedFlagWarnings', 'indices': [0, 16]}]",,official
1187065811690643456,CALFIRE_SLO,2019-10-23 17:58:38,"RT @5CitiesFirePIO: At this time, no plans for San Luis Obispo County. Please have a preparedness plan #5citiesfire https://t.co/ISSSgD4Z6p","[{'text': '5citiesfire', 'indices': [103, 115]}]",,official
1187065110876966912,CaltransDist1,2019-10-23 17:55:51,"The Irvine Lodge Rest Area, on northbound U.S. 101 3.0 miles north of the S.R. 162 junction, and the Moss Cove Rest‚Ä¶ https://t.co/9q4OwsLdOB",[],,official
1187064885215035392,CAL_FIRE,2019-10-23 17:54:57,A #RedFlagWarning has been issued for most of Northern CA &amp; portions of Southern CA from today until late Thursday‚Ä¶ https://t.co/R9bbUnPoOZ,"[{'text': 'RedFlagWarning', 'indices': [2, 17]}]",,official
1187062334461636613,CaltransDist3,2019-10-23 17:44:49,"RT @CHP_Chico: Update: The driver of the log truck was not injured.

At approximately 8:45 a.m. this morning a log truck rolled over on Cla‚Ä¶",[],,official
1187061108344942592,CaltransD2,2019-10-23 17:39:57,From @NWSSacramento:  Red Flag Warning in effect today through tomorrow afternoon (10/24). https://t.co/CTvsx6xoeZ,[],,official
1187053792681873414,CaltransHQ,2019-10-23 17:10:53,RT @Cal_OES: NEWS: State Operations Center Activated in Support of Public Safety Power Shutoff https://t.co/i49wGyj0xg https://t.co/tlixWXy‚Ä¶,[],,official
1187048894686871553,CaltransDist10,2019-10-23 16:51:25,#TrafficAlert #Manteca  Westbound SR-120 down to one lane from Airport to McKinley until 1:00 p.m. today for electr‚Ä¶ https://t.co/bStlL2iSOR,"[{'text': 'TrafficAlert', 'indices': [0, 13]}, {'text': 'Manteca', 'indices': [14, 22]}]",,official
1187047149084672000,CaltransDist10,2019-10-23 16:44:29,RT @SJC_OES: As the rainy season begins every Californian should be flood ready. Our weather is unpredictable. We can go from multi-year dr‚Ä¶,[],,official
1187044958529699840,CountyVentura,2019-10-23 16:35:46,"Advisory from @VCFD_PIO 
-
Habr√° un clima propensa a incendios critic√≥ en el Condado de Vta y posibles cortes de el‚Ä¶ https://t.co/NdyNREPXn1",[],,official
1187043303398637568,CaltransDist7,2019-10-23 16:29:12,"If you are driving north on US Highway 101 to Santa Barbara County today, please be advised: https://t.co/ew4i2f4ntX",[],,official
1187043121273589762,VCFD,2019-10-23 16:28:28,RT @VCFD_PIO: Ventura County will have ‚ÄúCritical Fire Weather‚Äù and will be facing potential ‚ÄúPublic Safety Power Shutoffs‚Äù. Please visit ht‚Ä¶,[],,official
1187040165765603329,CaltransDist10,2019-10-23 16:16:44,"RT @trafficunlvsom: Teens driving risk increases with the number of young passengers in the vehicle üö¶üöó
.
.
.
.
#trafficsafety #roadsafety #‚Ä¶","[{'text': 'trafficsafety', 'indices': [111, 125]}, {'text': 'roadsafety', 'indices': [126, 137]}]",,official
1187039878573256705,CALFIRESANDIEGO,2019-10-23 16:15:35,"RT @MCIWPendletonCA: Deputy Chief John Crook, CPFD, gives an update on the #OakFire https://t.co/yuz0zT7Uan","[{'text': 'OakFire', 'indices': [75, 83]}]",,official
1187039311612370945,CaltransDist10,2019-10-23 16:13:20,#TrafficAlert #Stockton The off-ramp from northbound I-5 to Eight Mile Road will be CLOSED today until 2:00 p.m. fo‚Ä¶ https://t.co/TFBLWi42zw,"[{'text': 'TrafficAlert', 'indices': [0, 13]}, {'text': 'Stockton', 'indices': [14, 23]}]",,official
1187035635334307840,CaltransDist10,2019-10-23 15:58:44,Excellent FHWA Partnership meeting in District 10 Stockton on Tuesday w/ FHWA CA Div Administrator Vince Mammano jo‚Ä¶ https://t.co/gagTodRNCe,[],,official
1187033658927898625,CaltransDist7,2019-10-23 15:50:52,"I-10 HOV @CaltransDist7 construction update in @WestCovinaCity  for Wed., Oct. 23. Allow extra time to reach your d‚Ä¶ https://t.co/zxgPiPoOjd",[],,official
1187031241742114817,CALFIRE_SLO,2019-10-23 15:41:16,CAL FIRE Captain's wife talks about suicide prevention https://t.co/gaOyl8PSgS via @YouTube,[],,official
1187028770307354626,CALFIRE_PIO,2019-10-23 15:31:27,#RT @CAL_FIRE: #BriceburgFire off of Highway 140 and Briceburg Bridge Road north of Midpines in Mariposa County rem‚Ä¶ https://t.co/JnGGohSRAS,"[{'text': 'RT', 'indices': [0, 3]}, {'text': 'BriceburgFire', 'indices': [15, 29]}]",,official
1187028768281509889,CALFIRE_PIO,2019-10-23 15:31:26,#RT @CAL_FIRE: RT @MCIWPendletonCA: Update: 140 acres 35% containment #OakFire https://t.co/eYFpjGAUlD,"[{'text': 'RT', 'indices': [0, 3]}, {'text': 'OakFire', 'indices': [70, 78]}]",,official
1187028735997829120,CaltransHQ,2019-10-23 15:31:19,RT @NWSSacramento: Strong winds in the forecast today &amp; tomorrow could create localized power outages. Here are some tips to help you if yo‚Ä¶,[],,official
1187028458867527680,CaltransDist7,2019-10-23 15:30:13,RT @CHPMoorpark: We're right in the middle of #schoolbussafetyweek (10/21-10/25). Please be extra cautious when approaching a school bus wi‚Ä¶,"[{'text': 'schoolbussafetyweek', 'indices': [46, 66]}]",,official
1187027479707308032,CaltransDist6,2019-10-23 15:26:19,CLOVIS: Westbound 180 currently reduced to one lane at Peach Avenue due to a multi-vehicle collision. Traffic curre‚Ä¶ https://t.co/w8FUFvU5sA,[],,official
1187027211569774592,CountyVentura,2019-10-23 15:25:15,It‚Äôs #WithTheCountWednesday! Ever wondered why the #2020Census is important? It‚Äôs essential you &amp; your kids‚Ä¶ https://t.co/rucJjEH3Wl,"[{'text': 'WithTheCountWednesday', 'indices': [5, 27]}, {'text': '2020Census', 'indices': [51, 62]}]",,official
1187026262822289408,ShastaHHSA,2019-10-23 15:21:29,Take off shoes when entering the house to prevent bringing lead-contaminated soil in from outside. #NLPPW2019‚Ä¶ https://t.co/b2kbw9wyCF,"[{'text': 'NLPPW2019', 'indices': [99, 109]}]",,official
1187024420767842304,CaltransDist10,2019-10-23 15:14:10,Saturday Work: Caltrans will be installing additional stop signs at the exits from NB/SB SR-99 to Hammett Road in n‚Ä¶ https://t.co/15DqlMT1gX,[],,official
1187019837693841408,CaltransDist10,2019-10-23 14:55:57,District 10 appreciates the efforts of local partners such as the San Joaquin Council of Governments (SJCOG) and th‚Ä¶ https://t.co/7hUAqQglsh,[],,official
1187018793349828608,CaltransDist10,2019-10-23 14:51:48,"Caltrans is eager to work with quality contractors in California, and we've even created an online landing spot to‚Ä¶ https://t.co/Sd6DJIx9yy",[],,official
1187017663349805057,CaltransDist7,2019-10-23 14:47:19,"RT @My5LA: Northbound I-5 in #Burbank will be reduced to only two lanes on three weekends (10PM Fri. to 5AM Mon) Nov.1-4, 8-11 &amp;15-18. Avoi‚Ä¶","[{'text': 'Burbank', 'indices': [29, 37]}]",,official
1187016697389015041,CaltransDist10,2019-10-23 14:43:29,"#TrafficAlert #Lodi Northbound SR-99 near Tuner Road, traffic incident sees four cars in the median. https://t.co/nnd8MMMgBi","[{'text': 'TrafficAlert', 'indices': [0, 13]}, {'text': 'Lodi', 'indices': [14, 19]}]",,official
1187015470752231426,CAL_FIRE,2019-10-23 14:38:36,"#BriceburgFire off of Highway 140 and Briceburg Bridge Road north of Midpines in Mariposa County remains 5,563 acre‚Ä¶ https://t.co/kdI4CJiy2s","[{'text': 'BriceburgFire', 'indices': [0, 14]}]",,official
1187005851216822272,CAL_FIRE,2019-10-23 14:00:23,RT @MCIWPendletonCA: Update: 140 acres 35% containment #OakFire https://t.co/aUlCVBoFad,"[{'text': 'OakFire', 'indices': [55, 63]}]",,official
1187001565502046213,CaltransDist7,2019-10-23 13:43:21,Construction of ‚Äúfalsework‚Äù (temporary frame support) continues for 2nd half of Florence Av Bridge over I-5 in Sant‚Ä¶ https://t.co/Kxig9huXw4,[],,official
1186969337644478464,CaltransDist7,2019-10-23 11:35:17,NB &amp; SB I-5 scheduled to be CLOSED from Artesia Bl to Carmenita Rd from 11pm Wed 10/23 until 5am Thursday 10/24. De‚Ä¶ https://t.co/f1xNuzJDpk,[],,official
1186960842874638337,CALFIRELNU,2019-10-23 11:01:32,#ReadySetGo get your outdoor work done before the heat of the day to avoid starting a wildfire.‚Ä¶ https://t.co/J8G1pm1iEw,"[{'text': 'ReadySetGo', 'indices': [0, 11]}]",,official
1186853214693416961,VCFD,2019-10-23 03:53:51,"RT @ALERTnWARNING: As of 8:00pm, 16 SCE circuits are being monitored across Ventura County for potential public safety power shutoffs start‚Ä¶",[],,official
1186852992458215425,CountyVentura,2019-10-23 03:52:58,"Update on possible power shutoffs
-
A partir de las 8:00 p.m., se est√°n monitoreando 16 circuitos del SCE en todo e‚Ä¶ https://t.co/P56vCnZcZc",[],,official
1186850082521354241,CALFIRESANDIEGO,2019-10-23 03:41:24,RT @MCIWPendletonCA: Fire is just over 80 acres @ 35% containment. #Oakfire https://t.co/L9Q4sz7JsA,"[{'text': 'Oakfire', 'indices': [67, 75]}]",,official
1186847633916207104,CALFIRE_PIO,2019-10-23 03:31:41,"#RT @CAL_FIRE: Assisting/Not a CAL FIRE incident: #OakFire near Basilone Road and Las Pulgas Road, near Camp Pendle‚Ä¶ https://t.co/BqbKfioYah","[{'text': 'RT', 'indices': [0, 3]}, {'text': 'OakFire', 'indices': [50, 58]}]",,official
1186832487646842880,CALFIRE_SLO,2019-10-23 02:31:29,[UPDATE] False Alarm. All units have been canceled to San Gabriel Elementary School.,[],,official
1186831951216332800,CAL_FIRE,2019-10-23 02:29:22,"Assisting/Not a CAL FIRE incident: #OakFire near Basilone Road and Las Pulgas Road, near Camp Pendleton North in Sa‚Ä¶ https://t.co/CIrFonVPoD","[{'text': 'OakFire', 'indices': [35, 43]}]",,official
1186830455242280960,CALFIRE_SLO,2019-10-23 02:23:25,Vegetation Fire: Reported vegetation fire near San Gabriel Elementary School. San Gabriel Rd cross of San Rafael Rd‚Ä¶ https://t.co/LSznPRflg7,[],,official
1186826253103292417,CaltransD2,2019-10-23 02:06:43,FINAL: EB/WB SHA 299 - Traffic is returning to normal near Bella Vista due to a multi vehicle traffic collision.,[],,official
1186817410348785664,CALFIRE_PIO,2019-10-23 01:31:35,#RT @CAL_FIRE: #RedFlagWarning in effect Wednesday until Friday throughout California due to gusty winds and low hu‚Ä¶ https://t.co/JnqmQF7VoQ,"[{'text': 'RT', 'indices': [0, 3]}, {'text': 'RedFlagWarning', 'indices': [15, 30]}]",,official
1186813843176996864,CALFIRESANDIEGO,2019-10-23 01:17:24,RT @MCIWPendletonCA: Currently at 60 acres. Mutual aid still assisting CPFD. https://t.co/2tu93HEg4e https://t.co/sfSKCB5xtN,[],,official
1186810806752514048,CaltransD2,2019-10-23 01:05:20,FINAL: EB/WB TEH 36 - Traffic is returning to normal approx 3 miles east of Bowman Rd following a vehicle/vegetation fire.,[],,official
1186806991970111489,CaltransD2,2019-10-23 00:50:11,ALERT: EB/WB SHA 299 - Traffic is slowing 1 mile west of Bella Vista due to a multi vehicle traffic collision.,[],,official
1186806991965937664,CaltransD2,2019-10-23 00:50:11,UPDATE: TEH 36 - One way traffic control in effect approx 3 miles east of Bowman Rd due to a vehicle fire. Caltrans on scene.  Will update.,[],,official
1186806080036392961,CALFIRELNU,2019-10-23 00:46:33,"#CALFIRELNU is assisting #NorthShoreFireProtectionDistrict. Structure fire has been mitigated, investigation underw‚Ä¶ https://t.co/FZSNbyK7Ka","[{'text': 'CALFIRELNU', 'indices': [0, 11]}, {'text': 'NorthShoreFireProtectionDistrict', 'indices': [25, 58]}]",,official
1186802925504352257,CaltransDist7,2019-10-23 00:34:01,"I-5 Pavement Rehab Project in #SantaClarita #Castaic #LA

Here are the planned closures tonight (Tue. night/Wed. mo‚Ä¶ https://t.co/ZTzKORm1hY","[{'text': 'SantaClarita', 'indices': [30, 43]}, {'text': 'Castaic', 'indices': [44, 52]}, {'text': 'LA', 'indices': [53, 56]}]",,official
1186802331876089856,CALFIRE_SLO,2019-10-23 00:31:40,RT @SLO_City_Fire: Defensible space cannot be stressed enough. https://t.co/yc0m6a6NiG,[],,official
1186800158467428352,CaltransHQ,2019-10-23 00:23:02,"Sending our best to these budding engineers and professionals! 

Thanks @PECG, @WTSIE, @GirlScoutsSGC, and‚Ä¶ https://t.co/bmHvEitHog",[],,official
1186799618186797056,CALFIRELNU,2019-10-23 00:20:53,"#CALFIRELNU is on scene of a fully involved structure fire off Hwy 20 by Robinson Rancheria Casino in Upper Lake, L‚Ä¶ https://t.co/uhTgdlNGIX","[{'text': 'CALFIRELNU', 'indices': [0, 11]}]",,official
1186799501144514560,CaltransHQ,2019-10-23 00:20:25,"RT @Caltrans8: #Caltrans8 welcomed young individuals this morning from @PECG, @WTSIE and @GirlScoutsSGC to show the many exciting career pa‚Ä¶","[{'text': 'Caltrans8', 'indices': [15, 25]}]",,official
1186796221156904960,CaltransDist7,2019-10-23 00:07:23,"Today we remember and honor District 7 maintenance workers Glen Fenwick and Raul Arismendez, killed October 22, 197‚Ä¶ https://t.co/7EY5XvR2im",[],,official
1186795142495125504,CaltransDist10,2019-10-23 00:03:06,#TrafficAlert #MercedCounty Expect delays on southbound SR-99 at Shanks Road in Delhi due to a traffic incident. https://t.co/7hvRG9yNwn,"[{'text': 'TrafficAlert', 'indices': [0, 13]}, {'text': 'MercedCounty', 'indices': [14, 27]}]",,official
